gluco_bin,reward
4,2.860958145387513
5,2.0718230609160386
6,1.4373318007090423
3,1.9628643719675423
2,1.1073911773658256
7,0.7376997035379607
8,0.5680420785902394
0,0.6588233760612808
9,0.6209181617601751
1,0.6049473956576255
