gluco_bin,reward
4,2.950145793441311
6,2.4062858018417956
5,2.567404724232508
3,2.8079546153742014
7,1.7712395962610825
2,1.8235191547777807
8,1.260101356747726
1,1.1658751864566879
9,0.6925967957507612
0,0.8696111696441293
